{
 "ours_30000": {
  "SSIM": 0.9504321813583374,
  "PSNR": 27.9621639251709,
  "LPIPS": 0.07921990752220154
 }
}