{
 "ours_30000": {
  "SSIM": 0.9292242527008057,
  "PSNR": 27.37563705444336,
  "LPIPS": 0.05117698758840561
 }
}