{
 "ours_30000": {
  "SSIM": 0.8531657457351685,
  "PSNR": 15.882460594177246,
  "LPIPS": 0.272599458694458
 }
}