{
 "ours_30000": {
  "SSIM": 0.8888236880302429,
  "PSNR": 21.394380569458008,
  "LPIPS": 0.1285364180803299
 }
}