{
 "ours_30000": {
  "SSIM": 0.9706839919090271,
  "PSNR": 32.59272003173828,
  "LPIPS": 0.08304773271083832
 }
}