{
 "ours_30000": {
  "SSIM": 0.9966371059417725,
  "PSNR": 45.17835998535156,
  "LPIPS": 0.008073978126049042
 }
}